Timestamp,Left_EE_PosX_m,Left_EE_PosY_m,Left_EE_PosZ_m,Left_EE_VelX_mps,Left_EE_VelY_mps,Left_EE_VelZ_mps,Left_J0_Abduction_rad,Left_J0_Abduction_deg,Left_J0_Abduction_vel_radps,Left_J1_Rotation_rad,Left_J1_Rotation_deg,Left_J1_Rotation_vel_radps,Left_J2_rad,Left_J2_deg,Left_J2_vel_radps,Left_J3_rad,Left_J3_deg,Left_J3_vel_radps,Left_J4_ShoulderFlexion_rad,Left_J4_ShoulderFlexion_deg,Left_J4_ShoulderFlexion_vel_radps,Left_J5_ElbowFlexion_rad,Left_J5_ElbowFlexion_deg,Left_J5_ElbowFlexion_vel_radps,Left_J6_PronoSupination_rad,Left_J6_PronoSupination_deg,Left_J6_PronoSupination_vel_radps,Left_J7_WristFlexion_rad,Left_J7_WristFlexion_deg,Left_J7_WristFlexion_vel_radps,Frequency_Hz,State
2026-02-20 14:58:44.691,-0.2740684449672699,-0.5486685037612915,-0.1484462022781372,-8.717330638319254E-05,7.592378824483603E-05,-0.00047647440806031227,-0.27760985,-15.905873,-0.0006438599,0.11426922,6.547144,-0.0021310907,-0.11426922,-6.547144,0.0021310907,0.11426922,6.547144,-0.0021310907,0.13712314,7.856577,0.0019658136,-1.3522832,-77.480125,-0.0022935981,-0.6725959,-38.536907,-0.036144555,0.040668253,2.3301194,0.0016619026,95,IDLE
2026-02-20 14:58:44.733,-0.27404719591140747,-0.5486842393875122,-0.14843226969242096,0.0003132226993329823,-0.0003260275407228619,0.00034782011061906815,-0.27763623,-15.907385,-0.000967007,0.11401423,6.532534,-0.006032076,-0.11401423,-6.532534,0.006032076,0.11401423,6.532534,-0.006032076,0.13716927,7.8592205,0.0011793969,-1.3524331,-77.48871,-0.0037734162,-0.68374324,-39.175602,-0.24064617,0.040670294,2.3302362,-0.00017308095,95,IDLE
2026-02-20 14:58:44.783,-0.27399829030036926,-0.5487027168273926,-0.14844398200511932,0.001235814648680389,-0.00041075688204728067,-0.000406698469305411,-0.27761605,-15.906228,0.00083690445,0.1137361,6.5165987,-0.0057586636,-0.1137361,-6.5165987,0.0057586636,0.1137361,6.5165987,-0.0057586636,0.13727269,7.8651457,0.0024545307,-1.352608,-77.498726,-0.0036710685,-0.6798606,-38.953144,0.18559979,0.040657114,2.3294811,-0.0016811878,95,IDLE
2026-02-20 14:58:44.828,-0.27398476004600525,-0.5487178564071655,-0.1484377384185791,0.00025432094116695225,-0.0003192650619894266,0.00010563596879364923,-0.277661,-15.908803,-0.0005825314,0.113454744,6.5004783,-0.004357447,-0.113454744,-6.5004783,0.004357447,0.113454744,6.5004783,-0.004357447,0.13738914,7.871818,0.0028089716,-1.3528682,-77.51364,-0.005989332,-0.69068867,-39.573547,-0.31196034,0.04068401,2.331022,3.8275768E-05,95,IDLE
2026-02-20 14:58:44.874,-0.27398011088371277,-0.5487166047096252,-0.1484757363796234,-0.0001466693647671491,0.0002533375227358192,-0.0012100407620891929,-0.2776447,-15.907869,-0.00013784063,0.113460846,6.500828,-4.4516855E-05,-0.113460846,-6.500828,4.4516855E-05,0.113460846,6.500828,-4.4516855E-05,0.1375687,7.882106,0.0039094537,-1.3530848,-77.52605,-0.00344105,-0.6882614,-39.434475,0.118724816,0.040645,2.3287868,-0.0009953484,95,IDLE
2026-02-20 14:58:44.941,-0.2739894390106201,-0.5486962199211121,-0.14856842160224915,-0.0008229300146922469,0.00047927681589499116,-0.0013438148889690638,-0.27766106,-15.908807,-0.001533587,0.11342494,6.4987707,-0.0007489776,-0.11342494,-6.4987707,0.0007489776,0.11342494,6.4987707,-0.0007489776,0.13784322,7.897835,0.004495895,-1.3533024,-77.53851,-0.004156803,-0.67321277,-38.57225,0.2916924,0.040638205,2.3283978,-0.0002988532,95,IDLE
2026-02-20 14:58:45.004,-0.27404025197029114,-0.5486769080162048,-0.14864516258239746,-0.0007697909604758024,0.0004479700291994959,-0.0018788730958476663,-0.27767327,-15.909507,0.00023306014,0.11367983,6.513375,0.0051986915,-0.11367983,-6.513375,-0.0051986915,0.11367983,6.513375,0.0051986915,0.13824742,7.9209933,0.007996501,-1.3538057,-77.56735,-0.008736542,-0.71024454,-40.694016,0.4333966,0.04066487,2.3299255,-0.00030617014,91,IDLE
2026-02-20 14:58:45.064,-0.2741321623325348,-0.5486262440681458,-0.14879110455513,-0.0014510812470689416,0.000984725309535861,-0.0030100499279797077,-0.27768257,-15.91004,2.6203366E-05,0.11421232,6.543884,0.0088618025,-0.11421232,-6.543884,-0.0088618025,0.11421232,6.543884,0.0088618025,0.13878858,7.952,0.009898659,-1.3543234,-77.597015,-0.008377543,-0.6781918,-38.85753,0.50990903,0.040613532,2.326984,-0.00072605314,91,IDLE
2026-02-20 14:58:45.116,-0.2741665244102478,-0.5485938191413879,-0.1489446461200714,-0.00033558852737769485,0.0006150251720100641,-0.003353903302922845,-0.2776773,-15.909738,0.0003542616,0.11439355,6.5542674,0.0020549982,-0.11439355,-6.5542674,-0.0020549982,0.11439355,6.5542674,0.0020549982,0.13936555,7.9850583,0.0119571015,-1.3549043,-77.630295,-0.011559218,-0.65937275,-37.779278,0.32838184,0.040575113,2.3247828,-0.0008661734,91,IDLE
2026-02-20 14:58:45.175,-0.2742551267147064,-0.5485273003578186,-0.14918102324008942,-0.0010836470173671842,0.0010787039063870907,-0.004312582779675722,-0.27778992,-15.91619,-0.001194965,0.11446957,6.5586233,0.001024059,-0.11446957,-6.5586233,-0.001024059,0.11446957,6.5586233,0.001024059,0.14017001,8.03115,0.014166268,-1.3556495,-77.673,-0.012636533,-0.6430412,-36.843548,0.17643465,0.04056916,2.3244417,-0.0010905211,91,IDLE
2026-02-20 14:58:45.236,-0.2742632329463959,-0.5484890937805176,-0.1494337022304535,-0.00021109366207383573,0.0006695753545500338,-0.0041946726851165295,-0.27776274,-15.914633,0.00034409555,0.114501804,6.56047,0.000675064,-0.114501804,-6.56047,-0.000675064,0.114501804,6.56047,0.000675064,0.14111291,8.085175,0.015517326,-1.3566078,-77.727905,-0.015640955,-0.66697216,-38.21469,-0.26245412,0.04061882,2.327287,0.000993586,91,IDLE
2026-02-20 14:58:45.287,-0.2742590308189392,-0.5484585165977478,-0.1496702879667282,0.00017710146494209766,0.00035128346644341946,-0.003953384235501289,-0.2777228,-15.912345,0.00083715754,0.11450244,6.5605063,-0.0003106018,-0.11450244,-6.5605063,0.0003106018,0.11450244,6.5605063,-0.0003106018,0.14202125,8.137218,0.01708752,-1.3575556,-77.78221,-0.019516153,-0.6675186,-38.246,0.04502756,0.040615376,2.3270895,0.00058252,91,IDLE
2026-02-20 14:58:45.334,-0.274285227060318,-0.54842609167099,-0.1498820036649704,-0.0005626288475468755,0.0007090963190421462,-0.00453368853777647,-0.27772617,-15.912538,-0.00016872048,0.11455385,6.563452,0.00077016326,-0.11455385,-6.563452,-0.00077016326,0.11455385,6.563452,0.00077016326,0.14290741,8.187991,0.018749578,-1.3585413,-77.838684,-0.020691158,-0.6538644,-37.46367,0.23044412,0.04061713,2.3271902,-0.0003399134,91,IDLE
2026-02-20 14:58:45.387,-0.27431049942970276,-0.5483863353729248,-0.15012820065021515,-0.00032786669908091426,0.0005885009304620326,-0.00440705893561244,-0.27773416,-15.912995,0.00011020997,0.11456872,6.564304,0.00021657333,-0.11456872,-6.564304,-0.00021657333,0.11456872,6.564304,0.00021657333,0.14388327,8.243904,0.0187718,-1.3595853,-77.8985,-0.021188013,-0.64542687,-36.980236,0.08049629,0.040641543,2.328589,0.0006629757,91,IDLE
2026-02-20 14:58:45.426,-0.2743225693702698,-0.5483635067939758,-0.15029674768447876,3.544217543094419E-05,0.00037367086042650044,-0.003935842774808407,-0.2777285,-15.912671,0.00051479065,0.11458031,6.564968,-0.0005810122,-0.11458031,-6.564968,0.0005810122,0.11458031,6.564968,-0.0005810122,0.144596,8.28474,0.017527431,-1.3603853,-77.944336,-0.020427989,-0.65552807,-37.55899,-0.20575082,0.040653963,2.3293004,0.0013857532,91,IDLE
2026-02-20 14:58:45.470,-0.2743473947048187,-0.5483304858207703,-0.15049852430820465,-0.0002592929231468588,0.00045075867092236876,-0.003907663747668266,-0.27778187,-15.9157295,-0.0009695655,0.11444264,6.5570803,-0.0041591125,-0.11444264,-6.5570803,0.0041591125,0.11444264,6.5570803,-0.0041591125,0.14541125,8.331451,0.017576447,-1.3612791,-77.99555,-0.020822197,-0.6573958,-37.666004,-0.024993848,0.04062647,2.3277254,-0.0002476494,91,IDLE
2026-02-20 14:58:45.517,-0.27427104115486145,-0.5483518838882446,-0.15061798691749573,0.0019769922364503145,-0.0007051118300296366,-0.002114146715030074,-0.2777738,-15.915266,0.0006975526,0.1138634,6.5238924,-0.012687669,-0.1138634,-6.5238924,0.012687669,0.1138634,6.5238924,-0.012687669,0.14606643,8.36899,0.013507831,-1.3621676,-78.046455,-0.019531628,-0.6383869,-36.576878,0.27630553,0.040633153,2.3281083,0.0010731007,91,IDLE
2026-02-20 14:58:45.562,-0.2742033898830414,-0.548374354839325,-0.1507183462381363,0.0013260019477456808,-0.00046521960757672787,-0.0021886201575398445,-0.277721,-15.912241,0.0012959295,0.113520704,6.504257,-0.005944008,-0.113520704,-6.504257,0.005944008,0.113520704,6.504257,-0.005944008,0.14667667,8.4039545,0.013698137,-1.3630203,-78.095314,-0.01925445,-0.6391756,-36.622063,0.045095246,0.040663984,2.3298748,0.00041356724,91,IDLE
2026-02-20 14:58:45.618,-0.27414068579673767,-0.5483967661857605,-0.1508200466632843,0.0013594541233032942,-0.0004112662572879344,-0.001928049372509122,-0.27759424,-15.904979,0.0027227576,0.11348695,6.5023236,-0.0004844948,-0.11348695,-6.5023236,0.0004844948,0.11348695,6.5023236,-0.0004844948,0.14732888,8.441323,0.011332029,-1.3639311,-78.14749,-0.01527741,-0.6463807,-37.03489,-0.16788207,0.04067084,2.3302674,7.999021E-05,91,IDLE
2026-02-20 14:58:45.674,-0.2741154432296753,-0.5484376549720764,-0.15079724788665771,-0.00018425991584081203,-0.0005885550053790212,0.0007361120660789311,-0.27753973,-15.901855,-0.00059483154,0.11347692,6.5017486,-0.0015861832,-0.11347692,-6.5017486,0.0015861832,0.11347692,6.5017486,-0.0015861832,0.14770658,8.462964,0.005647742,-1.3647318,-78.193375,-0.013381069,-0.65451163,-37.500755,-0.08140283,0.040648337,2.3289783,-0.00082192355,91,IDLE
2026-02-20 14:58:45.723,-0.27405470609664917,-0.5485588908195496,-0.1505296230316162,0.0011077072704210877,-0.0026706731878221035,0.006078572478145361,-0.27745637,-15.897079,0.0012656194,0.113390446,6.496794,-0.0024685098,-0.113390446,-6.496794,0.0024685098,0.113390446,6.496794,-0.0024685098,0.14768445,8.461696,-0.0004489352,-1.3655915,-78.24263,-0.019657345,-0.651723,-37.34098,0.036760274,0.04068617,2.331146,0.0017004402,91,GOING
2026-02-20 14:58:45.770,-0.27402549982070923,-0.5486916303634644,-0.150213822722435,0.00081629742635414,-0.0029372884891927242,0.006833962164819241,-0.27740192,-15.89396,0.0015249449,0.113409184,6.4978676,0.0004347522,-0.113409184,-6.4978676,-0.0004347522,0.113409184,6.4978676,0.0004347522,0.14771718,8.463571,0.00084067683,-1.3667114,-78.30679,-0.024484845,-0.6442356,-36.911983,0.15104313,0.040692512,2.331509,-0.0002012402,91,GOING
2026-02-20 14:58:45.829,-0.2740277945995331,-0.548900842666626,-0.1496673822402954,-0.00017809527344070375,-0.0037088445387780666,0.009808482602238655,-0.27744362,-15.896349,-0.00039978928,0.113298036,6.4914994,0.00027587812,-0.113298036,-6.4914994,-0.00027587812,0.113298036,6.4914994,0.00027587812,0.14772643,8.464101,0.00027224162,-1.3685656,-78.41303,-0.03335103,-0.65816176,-37.709892,-0.06887914,0.040704228,2.3321805,0.0013988446,91,GOING
2026-02-20 14:58:45.887,-0.27417007088661194,-0.5489950776100159,-0.14932480454444885,-0.003820908023044467,-0.0008662784239277244,0.004804433789104223,-0.27772215,-15.912308,-0.0070129433,0.11322969,6.4875836,-0.00035412115,-0.11322969,-6.4875836,0.00035412115,0.11322969,6.4875836,-0.00035412115,0.14786758,8.472188,0.0040096175,-1.3699864,-78.49444,-0.02377707,-0.6458478,-37.004353,0.18303755,0.040692583,2.3315132,-0.0003625058,91,GOING
2026-02-20 14:58:45.923,-0.2744253873825073,-0.5489469170570374,-0.1493060290813446,-0.006857069209218025,0.0015115196583792567,-8.543304284103215E-05,-0.27814186,-15.936355,-0.011217098,0.11335669,6.4948597,0.0035763984,-0.11335669,-6.4948597,-0.0035763984,0.11335669,6.4948597,0.0035763984,0.14828798,8.496276,0.0114264665,-1.3708467,-78.54373,-0.021383272,-0.6494663,-37.211678,-0.04327692,0.04068282,2.3309538,-0.00040592926,91,GOING
2026-02-20 14:58:45.973,-0.2749497592449188,-0.5487421154975891,-0.14951957762241364,-0.01239855121821165,0.004998397547751665,-0.005031270906329155,-0.27899325,-15.985136,-0.0202216,0.113660395,6.512261,0.0071303146,-0.113660395,-6.512261,-0.0071303146,0.113660395,6.512261,0.0071303146,0.14899991,8.537066,0.014232964,-1.3714776,-78.57988,-0.0100000715,-0.6301285,-36.103703,0.52739084,0.0406418,2.3286035,-0.00081445836,91,GOING
2026-02-20 14:58:46.032,-0.2761368155479431,-0.5483325123786926,-0.14967979490756989,-0.022019337862730026,0.006597363390028477,0.00011149018246214837,-0.28102654,-16.101635,-0.038730178,0.11409051,6.536905,0.0046296204,-0.11409051,-6.536905,-0.0046296204,0.11409051,6.536905,0.0046296204,0.1495216,8.5669565,0.0069947727,-1.3719153,-78.60496,-0.013495968,-0.5955016,-34.119728,0.2691717,0.040368002,2.3129163,-0.0031311454,91,GOING
2026-02-20 14:58:46.084,-0.27782174944877625,-0.5477607846260071,-0.14989711344242096,-0.03435434028506279,0.011979328468441963,-0.005307327955961227,-0.28407612,-16.276363,-0.062434778,0.11407149,6.535815,-0.0014157412,-0.11407149,-6.535815,0.0014157412,0.11407149,6.535815,-0.0014157412,0.1504236,8.618638,0.018953491,-1.3729155,-78.66226,-0.018595103,-0.59709704,-34.21114,-0.21760374,0.040458437,2.3180978,0.0010905287,91,GOING
2026-02-20 14:58:46.129,-0.27997514605522156,-0.5468356609344482,-0.15074685215950012,-0.04959402605891228,0.02167699858546257,-0.020652543753385544,-0.2880209,-16.502382,-0.09092694,0.113805294,6.520563,-0.0064793406,-0.113805294,-6.520563,0.0064793406,0.113805294,6.520563,-0.0064793406,0.15210854,8.715178,0.040206194,-1.3733114,-78.68495,-0.008192175,-0.6189403,-35.462666,-0.23300524,0.040355776,2.3122156,-0.00220602,91,GOING
2026-02-20 14:58:46.177,-0.2828707993030548,-0.5454933643341064,-0.152130588889122,-0.06511407345533371,0.03051282837986946,-0.031587108969688416,-0.2934508,-16.813492,-0.1228822,0.11301031,6.4750137,-0.020351551,-0.11301031,-6.4750137,0.020351551,0.11301031,6.4750137,-0.020351551,0.15456879,8.856139,0.054322604,-1.3734324,-78.69188,0.0006405617,-0.58897734,-33.745914,0.6347733,0.040318687,2.3100905,-0.0013761217,91,GOING
2026-02-20 14:58:46.226,-0.2868066132068634,-0.5434372425079346,-0.1544487625360489,-0.08053043484687805,0.04317595064640045,-0.048708003014326096,-0.30112725,-17.25332,-0.15837112,0.11103587,6.3618865,-0.0434856,-0.11103587,-6.3618865,0.0434856,0.11103587,6.3618865,-0.0434856,0.15749475,9.023785,0.053098164,-1.3713765,-78.57409,0.05917336,-0.53494716,-30.650215,1.242801,0.040271785,2.3074033,-0.0015282735,91,GOING
2026-02-20 14:58:46.264,-0.2902727723121643,-0.5414068698883057,-0.15667475759983063,-0.09161507338285446,0.054709549993276596,-0.06039867177605629,-0.3081177,-17.653843,-0.18564215,0.108864374,6.237469,-0.059266467,-0.108864374,-6.237469,0.059266467,0.108864374,6.237469,-0.059266467,0.15838982,9.075068,0.019049512,-1.365738,-78.25103,0.16306202,-0.5028325,-28.810179,0.8092836,0.04007481,2.2961175,-0.0042217867,91,GOING
2026-02-20 14:58:46.305,-0.29457229375839233,-0.5385874509811401,-0.15972810983657837,-0.1081031784415245,0.0722464844584465,-0.07905031740665436,-0.31703538,-18.16479,-0.22411548,0.10586843,6.065814,-0.0730033,-0.10586843,-6.065814,0.0730033,0.10586843,6.065814,-0.0730033,0.15777016,9.039564,-0.017235942,-1.3544296,-77.6031,0.29548663,-0.48693585,-27.89937,0.49971047,0.040091816,2.297092,-0.0013037408,91,GOING
2026-02-20 14:58:46.349,-0.2999435067176819,-0.5347596406936646,-0.16378416121006012,-0.12719789147377014,0.09087231755256653,-0.09495625644922256,-0.32831258,-18.810925,-0.26814744,0.10244404,5.8696113,-0.08221518,-0.10244404,-5.8696113,0.08221518,0.10244404,5.8696113,-0.08221518,0.15598613,8.937347,-0.04370801,-1.3374566,-76.630615,0.4013079,-0.4871222,-27.910048,0.018610774,0.040112954,2.298303,0.0018118441,91,GOING
2026-02-20 14:58:46.384,-0.3048911392688751,-0.5310775637626648,-0.1674688458442688,-0.14168083667755127,0.10583919286727905,-0.10559286922216415,-0.33901146,-19.423925,-0.306664,0.09893892,5.6687827,-0.09982139,-0.09893892,-5.6687827,0.09982139,0.09893892,5.6687827,-0.09982139,0.15389323,8.817432,-0.06074417,-1.3210669,-75.69156,0.47138515,-0.47016555,-26.938501,0.46849662,0.04023478,2.3052833,0.0022930074,91,GOING
2026-02-20 14:58:46.425,-0.31154826283454895,-0.5257534384727478,-0.1727612018585205,-0.15975171327590942,0.1283685863018036,-0.12641072273254395,-0.35373342,-20.267433,-0.35371482,0.09428397,5.4020734,-0.109184444,-0.09428397,-5.4020734,0.109184444,0.09428397,5.4020734,-0.109184444,0.15134634,8.671507,-0.060420282,-1.2982428,-74.383835,0.54506576,-0.4444409,-25.464588,0.5505542,0.040267214,2.3071415,0.001221218,91,GOING
2026-02-20 14:58:46.464,-0.3181484341621399,-0.5202630162239075,-0.17807137966156006,-0.1752387136220932,0.1455221325159073,-0.13926513493061066,-0.36835438,-21.105152,-0.388452,0.09066161,5.1945276,-0.0949028,-0.09066161,-5.1945276,0.0949028,0.09066161,5.1945276,-0.0949028,0.149917,8.589612,-0.03688853,-1.2772967,-73.18371,0.5486137,-0.43043524,-24.662123,0.50658596,0.040167384,2.3014216,0.0009901744,91,GOING
2026-02-20 14:58:46.500,-0.3248946964740753,-0.5143858194351196,-0.18360818922519684,-0.18369196355342865,0.1616698056459427,-0.15289968252182007,-0.38356954,-21.976915,-0.4157551,0.087268695,5.000128,-0.09310634,-0.087268695,-5.000128,0.09310634,0.087268695,5.000128,-0.09310634,0.14926285,8.552132,-0.016548876,-1.2568828,-72.01408,0.5612199,-0.402011,-23.033535,0.6951672,0.040245872,2.3059187,0.0003579059,91,GOING
2026-02-20 14:58:46.543,-0.3327406644821167,-0.5070578455924988,-0.19041891396045685,-0.18707701563835144,0.17736658453941345,-0.16495177149772644,-0.4017533,-23.018768,-0.43623775,0.08354661,4.786868,-0.08931244,-0.08354661,-4.786868,0.08931244,0.08354661,4.786868,-0.08931244,0.14936437,8.557948,0.003922159,-1.2332679,-70.66105,0.57004696,-0.35273698,-20.21034,1.0431467,0.0403169,2.3099883,0.0034056609,91,GOING
2026-02-20 14:58:46.579,-0.33925455808639526,-0.5000942349433899,-0.19711633026599884,-0.18027164041996002,0.1940576434135437,-0.18654398620128632,-0.41756472,-23.924696,-0.43882382,0.08052129,4.61353,-0.08339893,-0.08052129,-4.61353,0.08339893,0.08052129,4.61353,-0.08339893,0.15022196,8.607084,0.024756812,-1.2112218,-69.397896,0.61299735,-0.3321599,-19.03136,0.61211526,0.040063586,2.2954745,-0.005527273,91,GOING
2026-02-20 14:58:46.618,-0.34619536995887756,-0.49177640676498413,-0.20545421540737152,-0.1760687232017517,0.2128264605998993,-0.2140662968158722,-0.4349782,-24.922415,-0.44264084,0.07798732,4.468344,-0.06128227,-0.07798732,-4.468344,0.06128227,0.07798732,4.468344,-0.06128227,0.15347676,8.7935705,0.09197264,-1.187669,-68.04842,0.5893499,-0.29795557,-17.071596,1.0163645,0.039964147,2.289777,-0.0011681687,91,GOING
2026-02-20 14:58:46.659,-0.35330644249916077,-0.4820343255996704,-0.21577845513820648,-0.1681841015815735,0.23564738035202026,-0.2527800500392914,-0.4533932,-25.977516,-0.43663943,0.07673269,4.396459,-0.02177672,-0.07673269,-4.396459,0.02177672,0.07673269,4.396459,-0.02177672,0.16086207,9.216718,0.19463801,-1.1645606,-66.7244,0.5404895,-0.22676893,-12.992903,1.75671,0.039995264,2.29156,0.0004645709,91,GOING
2026-02-20 14:58:46.710,-0.36172768473625183,-0.46860185265541077,-0.2309286892414093,-0.1686667799949646,0.2721710205078125,-0.30726370215415955,-0.47436094,-27.17888,-0.40249488,0.08119189,4.6519527,0.13832206,-0.08119189,-4.6519527,-0.13832206,0.08119189,4.6519527,0.13832206,0.1778371,10.189316,0.37062228,-1.1416343,-65.41083,0.41942066,-0.12945364,-7.4171476,1.6916168,0.0402447,2.3058515,0.0025788362,91,GOING
2026-02-20 14:58:46.759,-0.3695722818374634,-0.45389044284820557,-0.24752499163150787,-0.1563441902399063,0.3122157156467438,-0.35359883308410645,-0.4908509,-28.123686,-0.3264638,0.09576993,5.4872127,0.3197489,-0.09576993,-5.4872127,-0.3197489,0.09576993,5.4872127,0.3197489,0.20041811,11.483112,0.4836482,-1.1224419,-64.31118,0.41135505,-0.11569186,-6.6286554,-0.18202484,0.04029271,2.3086023,0.0007760207,91,GOING
2026-02-20 14:58:46.807,-0.3756619095802307,-0.4367009699344635,-0.2670241892337799,-0.11909732967615128,0.36987924575805664,-0.4178540110588074,-0.50324196,-28.833641,-0.24190004,0.11502304,6.590335,0.4165557,-0.11502304,-6.590335,-0.4165557,0.11502304,6.590335,0.4165557,0.22734626,13.025981,0.57264715,-1.0979946,-62.910454,0.5455305,-0.11025406,-6.3170924,0.38988972,0.040421654,2.3159902,0.002759444,91,GOING
2026-02-20 14:58:46.857,-0.37994733452796936,-0.4143742322921753,-0.29091015458106995,-0.07481499761343002,0.4567228853702545,-0.48123419284820557,-0.5116857,-29.317432,-0.144333,0.14049052,8.049514,0.5212306,-0.14049052,-8.049514,-0.5212306,0.14049052,8.049514,0.5212306,0.25858778,14.815989,0.62584364,-1.059249,-60.690502,0.8143942,-0.10246696,-5.8709245,0.08131356,0.039976265,2.2904713,-0.010391063,91,GOING
2026-02-20 14:58:46.894,-0.3813546895980835,-0.3958243131637573,-0.30929479002952576,-0.03660212829709053,0.5118213295936584,-0.5035355687141418,-0.5141049,-29.456041,-0.061321512,0.1611103,9.23094,0.56723624,-0.1611103,-9.23094,-0.56723624,0.1611103,9.23094,0.56723624,0.28237316,16.178791,0.65400606,-1.0238248,-58.660843,0.9770743,-0.08903742,-5.1014686,0.35485953,0.039658803,2.2722821,-0.008678453,91,GOING
2026-02-20 14:58:46.933,-0.38209816813468933,-0.3736934959888458,-0.3291097581386566,-0.020662672817707062,0.5862072110176086,-0.5176540613174438,-0.51457965,-29.483242,-0.010821727,0.1849079,10.594442,0.63107896,-0.1849079,-10.594442,-0.63107896,0.1849079,10.594442,0.63107896,0.30969518,17.744226,0.72202164,-0.98268527,-56.30372,1.0785216,-0.12343041,-7.0720415,-0.91352916,0.039371684,2.2558315,-0.005367561,91,GOING
2026-02-20 14:58:46.986,-0.3823382258415222,-0.3387296497821808,-0.3560260534286499,0.00654189707711339,0.6525115966796875,-0.48764362931251526,-0.51278114,-29.380196,0.050606478,0.2203563,12.625486,0.6389517,-0.2203563,-12.625486,-0.6389517,0.2203563,12.625486,0.6389517,0.3512145,20.123108,0.77817523,-0.9214458,-52.794956,1.1278901,-0.14051911,-8.051152,-0.06994855,0.03948449,2.2622945,-0.0040780064,91,GOING
2026-02-20 14:58:47.048,-0.3784705698490143,-0.2967071831226349,-0.3841123878955841,0.07798587530851364,0.725531816482544,-0.46324318647384644,-0.50253385,-28.79307,0.21048687,0.2571525,14.733753,0.6250915,-0.2571525,-14.733753,-0.6250915,0.2571525,14.733753,0.6250915,0.40242016,23.056976,0.8870855,-0.849835,-48.69196,1.2254928,-0.1076182,-6.1660686,0.34140116,0.039578825,2.2676997,0.0051206453,87,GOING
2026-02-20 14:58:47.101,-0.3736047148704529,-0.2556900382041931,-0.4059613049030304,0.08941005170345306,0.7646862864494324,-0.3863590359687805,-0.4867081,-27.88632,0.30963907,0.29217222,16.740236,0.65280515,-0.29217222,-16.740236,-0.65280515,0.29217222,16.740236,0.65280515,0.4524286,25.92225,0.9385232,-0.7834511,-44.88844,1.2108344,-0.12105562,-6.935976,0.15211357,0.039838295,2.2825663,0.0037492581,87,GOING
2026-02-20 14:58:47.146,-0.3689556121826172,-0.22148610651493073,-0.42088139057159424,0.10762843489646912,0.7540397644042969,-0.32175129652023315,-0.46957013,-26.904387,0.39231315,0.3200161,18.335571,0.602697,-0.3200161,-18.335571,-0.602697,0.3200161,18.335571,0.602697,0.49678507,28.463688,0.99033767,-0.73292613,-41.993576,1.1021811,-0.09470782,-5.426358,0.47933778,0.0401851,2.3024368,0.012432844,87,GOING
2026-02-20 14:58:47.199,-0.3618331551551819,-0.18274131417274475,-0.4353950023651123,0.1416456252336502,0.7311643362045288,-0.26603806018829346,-0.44666353,-25.591936,0.43892148,0.3462491,19.838612,0.46883273,-0.3462491,-19.838612,-0.46883273,0.3462491,19.838612,0.46883273,0.5518017,31.615908,1.0608754,-0.68092364,-39.01405,0.95324653,-0.09706144,-5.561211,-0.01979754,0.04009891,2.2974982,-0.004604664,87,GOING
2026-02-20 14:58:47.245,-0.35438963770866394,-0.1510026454925537,-0.446085125207901,0.16178284585475922,0.6688223481178284,-0.22384826838970184,-0.4264159,-24.431831,0.43347648,0.36224642,20.755192,0.32066748,-0.36224642,-20.755192,-0.32066748,0.36224642,20.755192,0.32066748,0.6023178,34.51027,1.0897532,-0.6449632,-36.95367,0.72604245,-0.10588633,-6.06684,-0.49991173,0.040274043,2.3075328,0.008623056,87,GOING
2026-02-20 14:58:47.304,-0.3429214656352997,-0.11500827968120575,-0.4577478766441345,0.20862217247486115,0.5823513865470886,-0.1886671930551529,-0.40260014,-23.06729,0.39011842,0.3715658,21.289152,0.09644461,-0.3715658,-21.289152,-0.09644461,0.3715658,21.289152,0.09644461,0.6665268,38.18917,1.0594901,-0.61184573,-35.05618,0.52880335,-0.16691577,-9.563569,-1.0109812,0.040246975,2.3059819,0.00064144743,87,GOING
2026-02-20 14:58:47.357,-0.33024469017982483,-0.08780186623334885,-0.46658197045326233,0.253272145986557,0.500902533531189,-0.16466867923736572,-0.38344222,-21.969622,0.3643523,0.3693608,21.162815,-0.08063356,-0.3693608,-21.162815,0.08063356,0.3693608,21.162815,-0.08063356,0.71917003,41.20541,0.98517996,-0.5888873,-33.740757,0.4233006,-0.18088871,-10.36416,-0.095180616,0.040208403,2.3037717,-0.0056961207,87,GOING
2026-02-20 14:58:47.417,-0.31461185216903687,-0.06227389723062515,-0.47523486614227295,0.26527139544487,0.4282950758934021,-0.1426960527896881,-0.36269742,-20.781033,0.36374068,0.35932484,20.587797,-0.17584005,-0.35932484,-20.587797,0.17584005,0.35932484,20.587797,-0.17584005,0.7738461,44.338116,0.93776375,-0.5710526,-32.718906,0.2729197,-0.24416922,-13.989866,-1.2352859,0.04012499,2.2989926,0.0029060284,87,GOING
2026-02-20 14:58:47.462,-0.30243155360221863,-0.04393598437309265,-0.4809640944004059,0.2643837630748749,0.3871215581893921,-0.12147842347621918,-0.34437704,-19.731352,0.39470974,0.3501918,20.064512,-0.20868252,-0.3501918,-20.064512,0.20868252,0.3501918,20.064512,-0.20868252,0.8158685,46.745823,0.8968613,-0.56067055,-32.124058,0.21243502,-0.2788538,-15.977146,-0.6920892,0.040041428,2.294205,0.0007135479,87,GOING
2026-02-20 14:58:47.513,-0.28899243474006653,-0.026797786355018616,-0.48671022057533264,0.2587958872318268,0.3231980800628662,-0.1103224828839302,-0.32342023,-18.530615,0.412274,0.33720618,19.320492,-0.25803936,-0.33720618,-19.320492,0.25803936,0.33720618,19.320492,-0.25803936,0.85932785,49.23586,0.83929956,-0.5545421,-31.772924,0.09307463,-0.29966307,-17.16943,-0.29994404,0.040094536,2.2972476,0.0016332797,87,GOING
2026-02-20 14:58:47.572,-0.27446773648262024,-0.009971983730793,-0.49278977513313293,0.24000921845436096,0.2706280052661896,-0.10214270651340485,-0.29863852,-17.110727,0.41601104,0.32086495,18.384207,-0.28136262,-0.32086495,-18.384207,0.28136262,0.32086495,18.384207,-0.28136262,0.9070452,51.96986,0.7958122,-0.5548499,-31.79056,-0.04469758,-0.2984584,-17.100407,-0.015604317,0.039916314,2.2870364,-0.005993701,87,GOING
2026-02-20 14:58:47.633,-0.261822372674942,0.003163238288834691,-0.49892503023147583,0.19917461276054382,0.1998678296804428,-0.09878731518983841,-0.273872,-15.6917095,0.39703846,0.30418032,17.42825,-0.27234295,-0.30418032,-17.42825,0.27234295,0.30418032,17.42825,-0.27234295,0.95226395,54.560707,0.71603924,-0.5663324,-32.448456,-0.21411656,-0.29691792,-17.012144,-0.064635046,0.039793547,2.2800024,-0.0053187395,87,GOING
2026-02-20 14:58:47.691,-0.25114351511001587,0.012081397697329521,-0.5036653280258179,0.1790522187948227,0.1372547149658203,-0.0737692341208458,-0.25264084,-14.475254,0.35646844,0.28826648,16.516453,-0.27264586,-0.28826648,-16.516453,0.27264586,0.28826648,16.516453,-0.27264586,0.9859835,56.492695,0.5235363,-0.57661,-33.037323,-0.14344476,-0.29487377,-16.895023,0.05591122,0.039296713,2.251536,-0.0046449136,87,GOING
2026-02-20 14:58:47.742,-0.24295009672641754,0.017113637179136276,-0.506700873374939,0.15003067255020142,0.0837351530790329,-0.055796898901462555,-0.2355778,-13.497614,0.31471094,0.27503964,15.758611,-0.24742883,-0.27503964,-15.758611,0.24742883,0.27503964,15.758611,-0.24742883,1.0067658,57.683434,0.36637348,-0.5819716,-33.344517,-0.10269318,-0.3031754,-17.37067,-0.41270605,0.03931394,2.2525227,0.0016808048,87,GOING
2026-02-20 14:58:47.802,-0.2354198694229126,0.018990013748407364,-0.5096338391304016,0.12081747502088547,0.019663367420434952,-0.049312278628349304,-0.21927175,-12.563346,0.27428645,0.26133943,14.973646,-0.22568455,-0.26133943,-14.973646,0.22568455,0.26133943,14.973646,-0.22568455,1.021314,58.516983,0.22473992,-0.588368,-33.711002,-0.11894284,-0.3595577,-20.60114,-0.86081344,0.039126974,2.2418106,-0.005847808,87,GOING
2026-02-20 14:58:47.874,-0.22842498123645782,0.01716972328722477,-0.5137741565704346,0.09287717193365097,-0.036081019788980484,-0.06189269572496414,-0.20063037,-11.495274,0.2520911,0.24649668,14.1232195,-0.20446947,-0.24649668,-14.1232195,0.20446947,0.24649668,14.1232195,-0.20446947,1.0340755,59.24816,0.17378396,-0.604165,-34.616108,-0.25950325,-0.41099405,-23.548225,-0.69548947,0.039050814,2.2374468,-0.0040986557,87,GOING
2026-02-20 14:58:47.923,-0.2241651713848114,0.014471586793661118,-0.516884446144104,0.08587037771940231,-0.05843040347099304,-0.06248783320188522,-0.18862574,-10.807459,0.24223983,0.23669273,13.561495,-0.19848923,-0.23669273,-13.561495,0.19848923,0.23669273,13.561495,-0.19848923,1.0412163,59.6573,0.13575031,-0.6181977,-35.42012,-0.28281465,-0.42823407,-24.536005,-0.3617659,0.038830966,2.2248504,-0.0040253485,87,GOING
2026-02-20 14:58:47.989,-0.21872122585773468,0.009899057447910309,-0.5202513933181763,0.08348411321640015,-0.06585044413805008,-0.04400675743818283,-0.17410044,-9.975221,0.20872776,0.2242172,12.8467,-0.18607996,-0.2242172,-12.8467,0.18607996,0.2242172,12.8467,-0.18607996,1.0457652,59.91793,0.045530297,-0.63245964,-36.23727,-0.16824733,-0.45950422,-26.327652,-0.4096588,0.039612655,2.269638,0.007013479,87,GOING
2026-02-20 14:58:48.056,-0.21323572099208832,0.005777046550065279,-0.5222618579864502,0.08298499137163162,-0.07056719064712524,-0.029053032398223877,-0.16302347,-9.340557,0.15514648,0.21248586,12.174543,-0.17912324,-0.21248586,-12.174543,0.17912324,0.21248586,12.174543,-0.17912324,1.04519,59.884975,-0.031722166,-0.6377553,-36.540688,-0.072379865,-0.46835318,-26.834661,-0.07696607,0.039383125,2.256487,-0.0016504804,90,GOING
2026-02-20 14:58:48.115,-0.20902453362941742,-0.0003814037481788546,-0.5239721536636353,0.06611268222332001,-0.10575211048126221,-0.027319375425577164,-0.1543473,-8.843449,0.13997968,0.20267276,11.612294,-0.15604463,-0.20267276,-11.612294,0.15604463,0.20267276,11.612294,-0.15604463,1.0400206,59.58879,-0.09411284,-0.64351165,-36.870502,-0.096861005,-0.45674756,-26.169708,0.3481597,0.04004061,2.294158,0.008129994,90,GOING
2026-02-20 14:58:48.174,-0.20543760061264038,-0.007101551629602909,-0.5253809094429016,0.0563674122095108,-0.11404436081647873,-0.022209379822015762,-0.14706582,-8.42625,0.11918706,0.19407302,11.119565,-0.1366524,-0.19407302,-11.119565,0.1366524,0.19407302,11.119565,-0.1366524,1.0330043,59.186787,-0.12287334,-0.64885706,-37.176773,-0.08836232,-0.45940447,-26.321938,0.024255909,0.039949786,2.2889543,-0.0052111773,90,GOING
2026-02-20 14:58:48.243,-0.20253495872020721,-0.0119169307872653,-0.5256600975990295,0.03600889444351196,-0.03864428400993347,0.008535044267773628,-0.14544757,-8.333531,-0.011239623,0.1874856,10.742134,-0.07332341,-0.1874856,-10.742134,0.07332341,0.1874856,10.742134,-0.07332341,1.0243362,58.690144,-0.12502949,-0.64729404,-37.087215,0.11021895,-0.4525291,-25.928007,0.03365181,0.039397314,2.2573,-0.0060275057,90,GOING
2026-02-20 14:58:48.305,-0.20201417803764343,-0.013097296468913555,-0.5251622200012207,0.005656493827700615,-0.011562849394977093,0.00501840328797698,-0.1460575,-8.368479,-0.011934235,0.18636657,10.678019,-0.01223666,-0.18636657,-10.678019,0.01223666,0.18636657,10.678019,-0.01223666,1.0198274,58.431805,-0.046109356,-0.6430651,-36.844917,0.0431859,-0.4584228,-26.265692,-0.07394887,0.039397337,2.257301,-0.00019393984,90,GOING
2026-02-20 14:58:48.365,-0.2021302580833435,-0.013655931688845158,-0.5247734785079956,-0.0037503696512430906,-0.0061173043213784695,0.0066143847070634365,-0.14620821,-8.377113,0.00061522,0.18655542,10.688838,0.0075175124,-0.18655542,-10.688838,-0.0075175124,0.18655542,10.688838,0.0075175124,1.0172888,58.286354,-0.035733286,-0.6404718,-36.69633,0.042176034,-0.4571153,-26.190777,-0.05955918,0.039464753,2.2611637,-0.00038561408,90,GOING
2026-02-20 14:58:48.428,-0.20247526466846466,-0.013853403739631176,-0.524455726146698,-0.0070908828638494015,-0.0016396959545090795,0.0038521033711731434,-0.14619029,-8.376086,0.0009533959,0.18724214,10.728185,0.013864069,-0.18724214,-10.728185,-0.013864069,0.18724214,10.728185,0.013864069,1.0158274,58.202625,-0.014726483,-0.6386689,-36.593033,0.017819174,-0.45714742,-26.192617,0.023366574,0.039515123,2.2640498,0.0001730088,90,GOING
2026-02-20 14:58:48.481,-0.20267336070537567,-0.013874639756977558,-0.5243706107139587,-0.003876772942021489,-0.00019879033789038658,0.0017355582676827908,-0.14618446,-8.375752,0.00091835216,0.18762723,10.750248,0.007661014,-0.18762723,-10.750248,-0.007661014,0.18762723,10.750248,0.007661014,1.0155474,58.18658,-0.0052316687,-0.6383321,-36.57374,0.007134462,-0.45191488,-25.892815,0.06866517,0.039445587,2.2600656,-0.0006761419,90,GOING
2026-02-20 14:58:48.533,-0.20279987156391144,-0.013928974978625774,-0.5242427587509155,-0.0020813930314034224,-0.0008197700371965766,0.002561983186751604,-0.14617194,-8.375035,0.00022260168,0.18788843,10.765214,0.004478974,-0.18788843,-10.765214,-0.004478974,0.18788843,10.765214,0.004478974,1.0149989,58.155155,-0.010765628,-0.6375866,-36.53102,0.015641565,-0.45383322,-26.00273,0.025177931,0.039459072,2.2608383,-6.565382E-05,90,GOING
2026-02-20 14:58:48.578,-0.20286059379577637,-0.013954252935945988,-0.5241528153419495,-0.0014511343324556947,-0.0004280104476492852,0.002000151900574565,-0.14621454,-8.377477,-0.00086470495,0.18802148,10.772838,0.003183014,-0.18802148,-10.772838,-0.003183014,0.18802148,10.772838,0.003183014,1.0146112,58.132942,-0.008316087,-0.6370194,-36.498524,0.012493132,-0.45425224,-26.026737,0.0003256406,0.03948664,2.2624178,0.00092983514,90,GOING
2026-02-20 14:58:48.625,-0.20286038517951965,-0.01401542965322733,-0.5240663290023804,-0.0001525260740891099,-0.0009300076635554433,0.0018302249955013394,-0.1462142,-8.377457,-2.2210792E-05,0.188035,10.773612,0.00066839234,-0.188035,-10.773612,-0.00066839234,0.188035,10.773612,0.00066839234,1.0141512,58.106586,-0.009022847,-0.6363974,-36.462887,0.013008018,-0.44504273,-25.499071,0.12790494,0.03950369,2.2633948,-2.4623389E-05,90,GOING
2026-02-20 14:58:48.668,-0.20286592841148376,-0.013988224789500237,-0.5239947438240051,-0.00016943292575888336,0.0007800085004419088,0.0017096290830522776,-0.14617229,-8.375055,0.0010470479,0.18807971,10.776174,0.0011727471,-0.18807971,-10.776174,-0.0011727471,0.18807971,10.776174,0.0011727471,1.0139172,58.093178,-0.0053331335,-0.6358758,-36.433002,0.012428086,-0.45466056,-26.05013,-0.16599432,0.03949549,2.262925,0.00052036997,90,GOING
2026-02-20 14:58:48.714,-0.2028505504131317,-0.014035061001777649,-0.5239349007606506,0.0007291272049769759,-0.0007735194521956146,0.0010751239024102688,-0.14618754,-8.37593,-0.00068857125,0.18805929,10.775003,-0.0011959241,-0.18805929,-10.775003,0.0011959241,0.18805929,10.775003,-0.0011959241,1.0135803,58.073875,-0.006251869,-0.63542515,-36.40718,0.008765325,-0.45614937,-26.135433,-0.047400586,0.03950734,2.263604,0.00026134652,90,GOING
2026-02-20 14:58:48.761,-0.2027369886636734,-0.014051453210413456,-0.5239143371582031,0.0026071257889270782,-0.001340143964625895,0.0003610235871747136,-0.14620666,-8.377025,-9.5257936E-05,0.18785414,10.763249,-0.0049895495,-0.18785414,-10.763249,0.0049895495,0.18785414,10.763249,-0.0049895495,1.0134043,58.063786,-0.005204582,-0.6351147,-36.389393,0.0061204922,-0.45643607,-26.151861,-0.088187635,0.039452083,2.260438,-0.0003997606,90,GOING
2026-02-20 14:58:48.806,-0.2026553601026535,-0.014106256887316704,-0.5238785147666931,0.0022810467053204775,-0.0013694778317585588,0.0008092338684946299,-0.14620699,-8.377044,-0.00049227045,0.18770316,10.7546,-0.0042680777,-0.18770316,-10.7546,0.0042680777,0.18770316,10.7546,-0.0042680777,1.0131195,58.04747,-0.006983423,-0.6347465,-36.368294,0.008919617,-0.45158514,-25.873922,0.30278766,0.03950065,2.2632205,0.0010862694,90,GOING
2026-02-20 14:58:48.845,-0.20254705846309662,-0.014150232076644897,-0.5238274335861206,0.0027773110195994377,-0.0007127909921109676,0.0014231171226128936,-0.14624074,-8.378978,-0.0013201806,0.18751,10.743531,-0.004826821,-0.18751,-10.743531,0.004826821,0.18751,10.743531,-0.004826821,1.0127714,58.027527,-0.008751195,-0.6342266,-36.33851,0.01424032,-0.4340129,-24.867107,0.44336554,0.039494462,2.262866,-0.0008590947,90,GOING
2026-02-20 14:58:48.902,-0.20244339108467102,-0.014161298051476479,-0.5237386226654053,0.0017833036836236715,0.00019723626610357314,0.0015690347645431757,-0.1463466,-8.385042,-0.0025183498,0.18734342,10.733987,-0.0027845365,-0.18734342,-10.733987,0.0027845365,0.18734342,10.733987,-0.0027845365,1.012316,58.001434,-0.0074521783,-0.6334317,-36.29296,0.014051509,-0.42157876,-24.154684,0.19726059,0.039508022,2.263643,-4.862347E-05,90,GOING
2026-02-20 14:58:48.958,-0.20241868495941162,-0.014161036349833012,-0.5236572027206421,0.00022404575429391116,-0.0002712222922127694,0.0014686387730762362,-0.14636421,-8.386052,0.00021937881,0.18732594,10.7329855,4.340857E-05,-0.18732594,-10.7329855,-4.340857E-05,0.18732594,10.7329855,4.340857E-05,1.0119687,57.981537,-0.006530503,-0.63280183,-36.256874,0.0109893475,-0.43073136,-24.679089,-0.09507806,0.03948153,2.2621253,-0.00034372968,90,GOING
2026-02-20 14:58:48.996,-0.20243635773658752,-0.014183678664267063,-0.523574948310852,-0.0006375659140758216,-0.0008772758301347494,0.002019069856032729,-0.14637734,-8.386804,-0.0005840592,0.18738014,10.736091,0.001601529,-0.18738014,-10.736091,-0.001601529,0.18738014,10.736091,0.001601529,1.011601,57.96047,-0.009525556,-0.6322309,-36.224163,0.013650127,-0.43297458,-24.807615,0.012327146,0.03947386,2.2616856,0.00060602376,90,GOING
2026-02-20 14:58:49.045,-0.20240835845470428,-0.014249124564230442,-0.5234692692756653,0.00014001259114593267,-0.0009242270025424659,0.002304485999047756,-0.14638595,-8.387298,-0.00078544364,0.18734795,10.734247,0.00025958955,-0.18734795,-10.734247,-0.00025958955,0.18734795,10.734247,0.00025958955,1.0110408,57.92837,-0.011206891,-0.6314336,-36.178482,0.016820323,-0.4466606,-25.591768,-0.2911351,0.039441798,2.2598486,-0.00056653767,89,GOING
2026-02-20 14:58:49.085,-0.20246724784374237,-0.014259031042456627,-0.5233666896820068,-0.0018803274724632502,4.708798951469362E-05,0.002741230418905616,-0.14639798,-8.387986,-0.000462114,0.18748796,10.742269,0.004377536,-0.18748796,-10.742269,-0.004377536,0.18748796,10.742269,0.004377536,1.0106347,57.9051,-0.010166127,-0.63077164,-36.140553,0.017302468,-0.44046876,-25.237001,0.16016665,0.03945435,2.2605677,-0.00047256946,89,GOING
2026-02-20 14:58:49.131,-0.2025589793920517,-0.014364534988999367,-0.5232530832290649,-0.0020755291916429996,-0.0015164508949965239,0.002225924516096711,-0.14644496,-8.390678,-0.0010961067,0.1876642,10.752366,0.0040997644,-0.1876642,-10.752366,-0.0040997644,0.1876642,10.752366,0.0040997644,1.0100281,57.87035,-0.010812103,-0.6300964,-36.101864,0.012944811,-0.44218746,-25.335476,0.072516404,0.03950642,2.2635512,0.001144133,89,RETURNING
2026-02-20 14:58:49.175,-0.20263397693634033,-0.014380775392055511,-0.5231421589851379,-0.001992953708395362,-0.0013201505644246936,0.0028516841121017933,-0.14644466,-8.390661,-4.589767E-05,0.18783559,10.762187,0.0042790216,-0.18783559,-10.762187,-0.0042790216,0.18783559,10.762187,0.0042790216,1.0095885,57.84516,-0.012851262,-0.6293993,-36.061924,0.017641539,-0.44439596,-25.462013,-0.1492356,0.039470345,2.2614841,-0.000675942,89,RETURNING
2026-02-20 14:58:49.209,-0.20269131660461426,-0.014415403828024864,-0.5230128169059753,-0.0013875230215489864,-0.0010008878307417035,0.0036951410584151745,-0.14651199,-8.394519,-0.002436366,0.18797265,10.77004,0.0034280897,-0.18797265,-10.77004,-0.0034280897,0.18797265,10.77004,0.0034280897,1.0090207,57.812626,-0.016471434,-0.6285479,-36.01314,0.024686093,-0.45160872,-25.875275,-0.17519407,0.03953331,2.265092,0.0018516144,89,RETURNING
2026-02-20 14:58:49.252,-0.20276528596878052,-0.014369800686836243,-0.5228874683380127,-0.0014298268361017108,0.00015584818902425468,0.002339673228561878,-0.14663295,-8.401449,-0.0032629785,0.1881575,10.780631,0.003297967,-0.1881575,-10.780631,-0.003297967,0.1881575,10.780631,0.003297967,1.0086081,57.78899,-0.009078116,-0.62773365,-35.966488,0.014989071,-0.449585,-25.759323,0.14402671,0.039554816,2.266324,0.0012015895,89,RETURNING
2026-02-20 14:58:49.298,-0.20273274183273315,-0.014385947957634926,-0.5228243470191956,0.0007513828459195793,-0.0006479311850853264,0.0016622190596535802,-0.14689507,-8.416468,-0.005259784,0.18810174,10.777436,-0.0012470514,-0.18810174,-10.777436,0.0012470514,0.18810174,10.777436,-0.0012470514,1.008258,57.76893,-0.009243046,-0.62723184,-35.937737,0.013010745,-0.43728715,-25.054708,0.18185274,0.03955919,2.2665746,0.00036118543,89,RETURNING
2026-02-20 14:58:49.367,-0.2027822583913803,-0.014559571631252766,-0.5223894119262695,-0.0020459392108023167,-0.00448619807139039,0.008220884017646313,-0.14760551,-8.457172,-0.013421297,0.1882595,10.786475,0.004681874,-0.1882595,-10.786475,-0.004681874,0.1882595,10.786475,0.004681874,1.0060879,57.644592,-0.042527057,-0.6241855,-35.763195,0.05571367,-0.42747194,-24.492338,0.18863387,0.03955349,2.266248,-0.0005303264,89,RETURNING
2026-02-20 14:58:49.435,-0.20313942432403564,-0.014367940835654736,-0.5215333104133606,-0.006309893447905779,0.008766725659370422,0.01545652374625206,-0.14967597,-8.575801,-0.0417949,0.18915425,10.837741,0.017130062,-0.18915425,-10.837741,-0.017130062,0.18915425,10.837741,0.017130062,1.0027694,57.454453,-0.05145609,-0.6184792,-35.43625,0.10411422,-0.45008934,-25.78822,-0.27381107,0.03972059,2.2758222,0.0040527605,89,RETURNING
2026-02-20 14:58:49.484,-0.20375452935695648,-0.01351388730108738,-0.5204391479492188,-0.014581996947526932,0.01793183572590351,0.02370421215891838,-0.15274647,-8.751728,-0.064779334,0.19074094,10.928651,0.036660958,-0.19074094,-10.928651,-0.036660958,0.19074094,10.928651,0.036660958,0.9996219,57.274117,-0.06809158,-0.6113485,-35.02769,0.15230337,-0.46301132,-26.528595,-0.2370856,0.039798666,2.2802956,0.0019545653,89,RETURNING
2026-02-20 14:58:49.529,-0.20481456816196442,-0.012612983584403992,-0.5191965699195862,-0.025060400366783142,0.02011420950293541,0.028048114851117134,-0.1559807,-8.9370365,-0.06686802,0.19321384,11.070337,0.058220666,-0.19321384,-11.070337,-0.058220666,0.19321384,11.070337,0.058220666,0.9961921,57.077602,-0.07592457,-0.6038586,-34.59855,0.16707183,-0.4696317,-26.907915,-0.19406536,0.040081263,2.296487,0.0059791915,89,RETURNING
2026-02-20 14:58:49.565,-0.2060243934392929,-0.011069979518651962,-0.5179650187492371,-0.0354996882379055,0.04570956900715828,0.03494463115930557,-0.15938467,-9.132069,-0.10487331,0.19615544,11.238879,0.08582278,-0.19615544,-11.238879,-0.08582278,0.19615544,11.238879,0.08582278,0.99402976,56.953712,-0.05880256,-0.596653,-34.1857,0.20275217,-0.47556177,-27.247683,-0.13721314,0.040634062,2.3281603,0.01476568,89,RETURNING
2026-02-20 14:58:49.613,-0.2092435359954834,-0.008620290085673332,-0.5155435800552368,-0.0756508857011795,0.05207282677292824,0.05417715758085251,-0.16501975,-9.454935,-0.11415027,0.20342594,11.655448,0.16942284,-0.20342594,-11.655448,-0.16942284,0.20342594,11.655448,0.16942284,0.98949397,56.69383,-0.10150036,-0.5840977,-33.46633,0.2735476,-0.4710193,-26.987417,0.064851865,0.042656407,2.4440322,0.04546361,89,RETURNING
2026-02-20 14:58:49.658,-0.21401835978031158,-0.005713674705475569,-0.5124514698982239,-0.10819776356220245,0.0685860887169838,0.07022752612829208,-0.16913842,-9.690918,-0.08516119,0.21411788,12.268051,0.24397308,-0.21411788,-12.268051,-0.24397308,0.21411788,12.268051,0.24397308,0.9845262,56.4092,-0.105294,-0.5696702,-32.639698,0.3257255,-0.4896037,-28.052225,-0.37562147,0.04323735,2.4773178,0.010271742,89,RETURNING
2026-02-20 14:58:49.702,-0.2199385166168213,-0.001565243466757238,-0.5088879466056824,-0.1410580724477768,0.1017480418086052,0.08408927917480469,-0.17070274,-9.780547,-0.023271246,0.2277277,13.047836,0.32589158,-0.2277277,-13.047836,-0.32589158,0.2277277,13.047836,0.32589158,0.9816343,56.243504,-0.05511685,-0.5545216,-31.77175,0.3516791,-0.49748778,-28.50395,-0.18487251,0.04303168,2.4655337,-0.009755782,89,RETURNING
2026-02-20 14:58:49.750,-0.22823810577392578,0.0038271776866167784,-0.5045656561851501,-0.187824085354805,0.11814722418785095,0.09683019667863846,-0.16970126,-9.723166,0.02724639,0.2466664,14.132944,0.42753673,-0.2466664,-14.132944,-0.42753673,0.2466664,14.132944,0.42753673,0.9809317,56.203247,-0.014876957,-0.5393634,-30.903246,0.33059925,-0.4891759,-28.027714,0.24923114,0.04223958,2.4201498,-0.017883247,89,RETURNING
2026-02-20 14:58:49.795,-0.2380504161119461,0.009150833822786808,-0.49983394145965576,-0.21500465273857117,0.11750371754169464,0.10352025181055069,-0.16630743,-9.528714,0.08544407,0.26875535,15.398547,0.48487598,-0.26875535,-15.398547,-0.48487598,0.26875535,15.398547,0.48487598,0.98125935,56.22202,0.017181933,-0.5258717,-30.130228,0.2870576,-0.47580668,-27.261715,0.12473959,0.04203661,2.4085205,-0.004901166,89,RETURNING
2026-02-20 14:58:49.840,-0.24935303628444672,0.014268391765654087,-0.494536817073822,-0.24796780943870544,0.11145535856485367,0.11803994327783585,-0.1598844,-9.160701,0.14386764,0.29398018,16.843824,0.5545121,-0.29398018,-16.843824,-0.5545121,0.29398018,16.843824,0.5545121,0.9824707,56.291424,0.0256763,-0.51360077,-29.427156,0.27193207,-0.46691608,-26.752321,0.22050956,0.042486854,2.4343174,0.009244047,89,RETURNING
2026-02-20 14:58:49.892,-0.2630605101585388,0.020524652674794197,-0.4873259365558624,-0.2676430642604828,0.1143416091799736,0.14352120459079742,-0.15172891,-8.693426,0.15879937,0.32516626,18.630653,0.6089561,-0.32516626,-18.630653,-0.6089561,0.32516626,18.630653,0.6089561,0.9837028,56.36202,0.00860108,-0.49705803,-28.479328,0.32749936,-0.4660904,-26.705013,-0.043484043,0.04258066,2.4396923,0.0056611015,89,RETURNING
2026-02-20 14:58:49.947,-0.27771270275115967,0.025669297203421593,-0.4784957468509674,-0.2692899703979492,0.08272980898618698,0.16865956783294678,-0.14841004,-8.503269,0.029628986,0.35900638,20.56955,0.62436295,-0.35900638,-20.56955,-0.62436295,0.35900638,20.56955,0.62436295,0.9789316,56.08865,-0.13456963,-0.4760975,-27.278378,0.41140437,-0.47113913,-26.994284,-0.13840424,0.04276881,2.4504724,-0.0032677522,89,RETURNING
2026-02-20 14:58:50.002,-0.29264652729034424,0.027186013758182526,-0.4686444401741028,-0.26761922240257263,0.017511820420622826,0.1803274005651474,-0.14803776,-8.481939,0.0037657039,0.39350268,22.546043,0.62031025,-0.39350268,-22.546043,-0.62031025,0.39350268,22.546043,0.62031025,0.9648324,55.280827,-0.2774589,-0.45270994,-25.93837,0.427924,-0.46036512,-26.376978,0.28463122,0.042828895,2.4539149,0.0009990762,91,RETURNING
2026-02-20 14:58:50.065,-0.3098919093608856,0.024966878816485405,-0.4572989046573639,-0.2701861560344696,-0.04995641112327576,0.17549897730350494,-0.14783156,-8.470124,0.0034757636,0.43281835,24.798666,0.61233336,-0.43281835,-24.798666,-0.61233336,0.43281835,24.798666,0.61233336,0.9429294,54.025875,-0.3566906,-0.42983824,-24.627918,0.32814467,-0.42075956,-24.107748,0.6113928,0.043029685,2.4654193,0.0019631607,91,RETURNING
2026-02-20 14:58:50.128,-0.32738301157951355,0.01957017555832863,-0.4464854598045349,-0.2847318649291992,-0.10052294284105301,0.1756182610988617,-0.14779212,-8.467865,0.00094362826,0.47176656,27.030233,0.6319244,-0.47176656,-27.030233,-0.6319244,0.47176656,27.030233,0.6319244,0.91910267,52.660706,-0.40110943,-0.41528398,-23.79402,0.21493797,-0.40367863,-23.129082,-0.048812635,0.04298362,2.4627802,-0.0023576678,91,RETURNING
2026-02-20 14:58:50.196,-0.3451482951641083,0.010448861867189407,-0.43380674719810486,-0.24855463206768036,-0.14778131246566772,0.18941587209701538,-0.14785342,-8.471377,-0.0018996953,0.5123996,29.358335,0.57695335,-0.5123996,-29.358335,-0.57695335,0.5123996,29.358335,0.57695335,0.88529164,50.723476,-0.5378019,-0.39668334,-22.728281,0.30094728,-0.42570746,-24.391241,-0.052958738,0.042805508,2.452575,-0.0019920878,91,RETURNING
2026-02-20 14:58:50.248,-0.3564508259296417,0.0015311347087845206,-0.4244590699672699,-0.23081982135772705,-0.1930842250585556,0.1960597187280655,-0.14804047,-8.482095,-0.0029312158,0.5390439,30.884941,0.54784596,-0.5390439,-30.884941,-0.54784596,0.5390439,30.884941,0.54784596,0.85552484,49.017963,-0.63847136,-0.38175184,-21.872768,0.3191823,-0.42535076,-24.370804,0.0056268442,0.041148674,2.3576453,-0.054962475,91,RETURNING
2026-02-20 14:58:50.307,-0.36830005049705505,-0.013357862830162048,-0.4128850996494293,-0.17544493079185486,-0.26405271887779236,0.18592727184295654,-0.14839423,-8.502363,-0.009773459,0.56783414,32.5345,0.4324901,-0.56783414,-32.5345,-0.4324901,0.56783414,32.5345,0.4324901,0.81028545,46.425938,-0.7892794,-0.3618695,-20.733597,0.34046775,-0.43208584,-24.756695,-0.13143407,0.04040386,2.3149707,-0.0036462902,91,RETURNING
2026-02-20 14:58:50.366,-0.3764818608760834,-0.032792750746011734,-0.40228021144866943,-0.13393181562423706,-0.34348541498184204,0.17107214033603668,-0.15588553,-8.931583,-0.19081502,0.58773106,33.67451,0.30771926,-0.58773106,-33.67451,-0.30771926,0.58773106,33.67451,0.30771926,0.75240606,43.10969,-1.0120178,-0.34220907,-19.607136,0.2735231,-0.45438838,-26.034536,-0.38677958,0.040203743,2.3035047,-0.003950012,91,RETURNING
2026-02-20 14:58:50.412,-0.3832662105560303,-0.053127020597457886,-0.3951617479324341,-0.14695405960083008,-0.4624127745628357,0.14597167074680328,-0.17471974,-10.010704,-0.4495612,0.5988257,34.310184,0.21216375,-0.5988257,-34.310184,-0.21216375,0.5988257,34.310184,0.21216375,0.6974632,39.9617,-1.2149986,-0.34155607,-19.569721,-0.06028673,-0.4473275,-25.629978,0.25797245,0.04014511,2.3001454,-0.0022175936,91,RETURNING
2026-02-20 14:58:50.460,-0.39132601022720337,-0.07968532294034958,-0.3897339403629303,-0.18924030661582947,-0.6141283512115479,0.12084263563156128,-0.2031656,-11.640532,-0.655334,0.6043739,34.62807,0.11647728,-0.6043739,-34.62807,-0.11647728,0.6043739,34.62807,0.11647728,0.6385383,36.58555,-1.3185934,-0.36518088,-20.923323,-0.6158448,-0.41847292,-23.976732,0.4480289,0.040095925,2.2973273,0.00046925133,91,RETURNING
2026-02-20 14:58:50.498,-0.39922744035720825,-0.1093924269080162,-0.3841845989227295,-0.18960703909397125,-0.7319055199623108,0.14123550057411194,-0.2315696,-13.2679615,-0.69437945,0.605572,34.69672,0.016899811,-0.605572,-34.69672,-0.016899811,0.605572,34.69672,0.016899811,0.58137107,33.31011,-1.4028174,-0.4017414,-23.018085,-0.90151,-0.40867153,-23.415154,0.35855797,0.04011619,2.2984884,0.00063932315,91,RETURNING
2026-02-20 14:58:50.536,-0.40524208545684814,-0.13722294569015503,-0.3781971037387848,-0.15228955447673798,-0.7408924102783203,0.1594146192073822,-0.25962183,-14.875236,-0.7484665,0.60158336,34.46819,-0.1283945,-0.60158336,-34.46819,0.1283945,0.60158336,34.46819,-0.1283945,0.52903914,30.31171,-1.3931426,-0.4382895,-25.112139,-0.96887505,-0.3940565,-22.577774,0.16382886,0.04016264,2.3011498,0.0012565731,91,RETURNING
2026-02-20 14:58:50.574,-0.4090043902397156,-0.16511443257331848,-0.3715907633304596,-0.09715377539396286,-0.728536069393158,0.1772361397743225,-0.28725597,-16.458555,-0.7213665,0.59109807,33.867424,-0.27846235,-0.59109807,-33.867424,0.27846235,0.59109807,33.867424,-0.27846235,0.47758076,27.363361,-1.3450816,-0.47450784,-27.187296,-0.94438064,-0.40246558,-23.05958,-0.07958954,0.040184695,2.3024135,9.326623E-05,91,RETURNING
2026-02-20 14:58:50.622,-0.4136183559894562,-0.19759707152843475,-0.3609793484210968,-0.10402808338403702,-0.6931583881378174,0.24154174327850342,-0.31778768,-18.207893,-0.64048487,0.5790774,33.17869,-0.23889092,-0.5790774,-33.17869,0.23889092,0.5790774,33.17869,-0.23889092,0.41900036,24.006952,-1.2459245,-0.5184675,-29.706,-0.94615036,-0.41267785,-23.6447,-0.35215363,0.039650127,2.271785,-0.010072438,91,RETURNING
2026-02-20 14:58:50.664,-0.41794368624687195,-0.22564782202243805,-0.34861963987350464,-0.0988687127828598,-0.6587444543838501,0.29770463705062866,-0.34299183,-19.651985,-0.59835166,0.56989723,32.652706,-0.22624072,-0.56989723,-32.652706,0.22624072,0.56989723,32.652706,-0.22624072,0.36778492,21.072523,-1.2136788,-0.5566091,-31.891352,-0.8889904,-0.43985823,-25.20202,-0.46963137,0.039748292,2.2774093,0.00021722168,91,RETURNING
2026-02-20 14:58:50.711,-0.42120233178138733,-0.2545776963233948,-0.33317553997039795,-0.06314683705568314,-0.5959147214889526,0.32752883434295654,-0.37000477,-21.199713,-0.5540038,0.55653524,31.887121,-0.28658453,-0.55653524,-31.887121,0.28658453,0.55653524,31.887121,-0.28658453,0.3113797,17.840742,-1.1689599,-0.5929558,-33.973866,-0.7433092,-0.4494448,-25.751291,-0.23008752,0.0397504,2.2775302,0.0019729899,91,RETURNING
2026-02-20 14:58:50.764,-0.42352280020713806,-0.2834688127040863,-0.31495946645736694,-0.03948875144124031,-0.5394442677497864,0.3505507707595825,-0.39795923,-22.801384,-0.52920383,0.5387522,30.868227,-0.35579586,-0.5387522,-30.868227,0.35579586,0.5387522,30.868227,-0.35579586,0.25258192,14.471878,-1.1080782,-0.6287796,-36.026417,-0.66954124,-0.44788152,-25.66172,-0.108075134,0.03974333,2.2771251,0.00047047652,91,RETURNING
2026-02-20 14:58:50.810,-0.42422130703926086,-0.30684250593185425,-0.2985999286174774,-0.014011729508638382,-0.5164653658866882,0.366650253534317,-0.42010844,-24.07044,-0.48732775,0.5194623,29.762997,-0.4371482,-0.5194623,-29.762997,0.4371482,0.5194623,29.762997,-0.4371482,0.2046668,11.726543,-1.0542715,-0.65835524,-37.720978,-0.6651111,-0.45448688,-26.04018,0.046562616,0.0395049,2.2634642,-0.0065179286,91,RETURNING
2026-02-20 14:58:50.865,-0.42374569177627563,-0.3355916142463684,-0.27695420384407043,0.01562892273068428,-0.5029769539833069,0.383096307516098,-0.44382435,-25.429262,-0.39507574,0.49121207,28.144379,-0.5163737,-0.49121207,-28.144379,0.5163737,0.49121207,28.144379,-0.5163737,0.14957967,8.570284,-0.93990165,-0.6995572,-40.081676,-0.74650484,-0.44827437,-25.68423,0.1295236,0.03893364,2.2307332,-0.015117589,91,RETURNING
2026-02-20 14:58:50.925,-0.42061057686805725,-0.36412984132766724,-0.25424158573150635,0.0651148334145546,-0.46251246333122253,0.37442144751548767,-0.46139804,-26.436161,-0.26035485,0.45652542,26.15698,-0.5953071,-0.45652542,-26.15698,0.5953071,0.45652542,26.15698,-0.5953071,0.099202216,5.6838684,-0.8154592,-0.7435277,-42.601,-0.7008349,-0.4421572,-25.333742,0.4289866,0.03849147,2.2053988,-0.0076031866,91,RETURNING
2026-02-20 14:58:50.983,-0.41510868072509766,-0.3883121609687805,-0.23380741477012634,0.10236231237649918,-0.3991433382034302,0.3388734757900238,-0.47063944,-26.965654,-0.12487195,0.42097032,24.119823,-0.60602385,-0.42097032,-24.119823,0.60602385,0.42097032,24.119823,-0.60602385,0.05802313,3.3244805,-0.6655426,-0.7800797,-44.69528,-0.6057728,-0.41554332,-23.808878,0.33652115,0.038662996,2.2152264,0.004035657,91,RETURNING
2026-02-20 14:58:51.034,-0.4089435935020447,-0.40677207708358765,-0.21860671043395996,0.12290432304143906,-0.36564821004867554,0.3011857271194458,-0.47168657,-27.02565,-0.0046760608,0.391787,22.44774,-0.5679323,-0.391787,-22.44774,0.5679323,0.391787,22.44774,-0.5679323,0.032312583,1.8513746,-0.48013303,-0.8117574,-46.510273,-0.6641572,-0.4150842,-23.782574,-0.09598407,0.038482044,2.2048588,0.003275533,89,RETURNING
2026-02-20 14:58:51.086,-0.401297390460968,-0.42608821392059326,-0.20396237075328827,0.16189363598823547,-0.3704792261123657,0.2675895094871521,-0.46616343,-26.709198,0.15145768,0.36355144,20.829964,-0.53753936,-0.36355144,-20.829964,0.53753936,0.36355144,20.829964,-0.53753936,0.016275609,0.9325237,-0.260283,-0.8555555,-49.01972,-0.85883546,-0.43759498,-25.072346,-0.56765056,0.038684584,2.2164633,-0.00013618954,89,RETURNING
2026-02-20 14:58:51.137,-0.39138004183769226,-0.44333046674728394,-0.19353783130645752,0.20703694224357605,-0.34760773181915283,0.20749351382255554,-0.45275682,-25.941055,0.28933758,0.33819836,19.377338,-0.50603926,-0.33819836,-19.377338,0.50603926,0.33819836,19.377338,-0.50603926,0.0115433205,0.66138357,-0.076254,-0.8992072,-51.520775,-0.89476967,-0.460279,-26.372044,-0.3710326,0.038559806,2.209314,-8.199818E-06,89,RETURNING
2026-02-20 14:58:51.182,-0.380153089761734,-0.4592100977897644,-0.1843545138835907,0.2488413006067276,-0.3416183292865753,0.1999136209487915,-0.4357845,-24.968613,0.37689984,0.3152052,18.059927,-0.4964716,-0.3152052,-18.059927,0.4964716,0.3152052,18.059927,-0.4964716,0.009956596,0.570471,-0.038727023,-0.94046724,-53.884804,-0.8795077,-0.45527452,-26.085308,0.07827314,0.038965847,2.2325785,0.009162613,89,RETURNING
2026-02-20 14:58:51.226,-0.3681088387966156,-0.47331953048706055,-0.17678266763687134,0.27945971488952637,-0.31855660676956177,0.16544099152088165,-0.41742834,-23.916883,0.42499882,0.29225042,16.744717,-0.5354757,-0.29225042,-16.744717,0.5354757,0.29225042,16.744717,-0.5354757,0.010721622,0.6143037,0.033628117,-0.9778235,-56.02516,-0.85340905,-0.46278602,-26.515686,-0.21348853,0.039120562,2.2414432,-0.000715809,89,RETURNING
2026-02-20 14:58:51.270,-0.35527294874191284,-0.4862709641456604,-0.17060260474681854,0.297933965921402,-0.3004280924797058,0.14828108251094818,-0.39786234,-22.795834,0.45304835,0.2683888,15.377546,-0.5517691,-0.2683888,-15.377546,0.5517691,0.2683888,15.377546,-0.5517691,0.014649483,0.83935356,0.09131879,-1.0146694,-58.136276,-0.86898685,-0.4753371,-27.23481,-0.3990896,0.0388862,2.2280152,0.0014851181,89,RETURNING
2026-02-20 14:58:51.313,-0.3423224091529846,-0.4991145431995392,-0.1633043885231018,0.2924349904060364,-0.28709858655929565,0.1649184674024582,-0.37858775,-21.69148,0.43383786,0.24410549,13.986215,-0.54981285,-0.24410549,-13.986215,0.54981285,0.24410549,13.986215,-0.54981285,0.019538824,1.1194922,0.11494235,-1.0562791,-60.520332,-0.94424975,-0.47174293,-27.02888,0.22781628,0.039217122,2.2469757,0.0047957976,89,RETURNING
2026-02-20 14:58:51.357,-0.3296746015548706,-0.5106943845748901,-0.156205415725708,0.2890093922615051,-0.2627186179161072,0.1652195304632187,-0.36004832,-20.62925,0.42212304,0.22047432,12.632248,-0.54039645,-0.22047432,-12.632248,0.54039645,0.22047432,12.632248,-0.54039645,0.025236173,1.4459262,0.12767835,-1.097195,-62.864647,-0.93677175,-0.45517734,-26.07974,0.49261802,0.03932301,2.2530425,0.0025749414,89,RETURNING
2026-02-20 14:58:51.400,-0.317883163690567,-0.5209567546844482,-0.1489000767469406,0.27865976095199585,-0.24166877567768097,0.1759471893310547,-0.34333017,-19.67137,0.3927549,0.19742908,11.311852,-0.5509856,-0.19742908,-11.311852,0.5509856,0.19742908,11.311852,-0.5509856,0.030506602,1.7478995,0.12402127,-1.1366584,-65.12573,-0.9406485,-0.42335597,-24.25651,0.6153503,0.03925711,2.2492666,-0.0022397945,89,RETURNING
2026-02-20 14:58:51.439,-0.3076387941837311,-0.5292463898658752,-0.14229469001293182,0.27005892992019653,-0.2176923006772995,0.1764015555381775,-0.32937834,-18.871988,0.36757132,0.17577009,10.070885,-0.5707102,-0.17577009,-10.070885,0.5707102,0.17577009,10.070885,-0.5707102,0.034619294,1.9835395,0.10413817,-1.1701778,-67.04625,-0.8812729,-0.4141318,-23.728004,0.16898033,0.039191987,2.2455356,0.0010620254,89,RETURNING
2026-02-20 14:58:51.479,-0.2970121502876282,-0.5376729965209961,-0.1340901255607605,0.24976499378681183,-0.19749870896339417,0.19565068185329437,-0.31549075,-18.076288,0.32497904,0.15123627,8.6652,-0.58510834,-0.15123627,-8.6652,0.58510834,0.15123627,8.6652,-0.58510834,0.037728216,2.1616676,0.075009175,-1.2066271,-69.13464,-0.8678269,-0.42216474,-24.188257,-0.2989605,0.03940181,2.2575574,0.0019305483,89,RETURNING
2026-02-20 14:58:51.520,-0.28770869970321655,-0.5448383688926697,-0.1258516013622284,0.22694124281406403,-0.174238383769989,0.2038068324327469,-0.3036369,-17.397114,0.28875002,0.1279837,7.3329263,-0.5717037,-0.1279837,-7.3329263,0.5717037,0.1279837,7.3329263,-0.5717037,0.039791238,2.27987,0.048474833,-1.240147,-71.05519,-0.82181764,-0.42736414,-24.486162,0.053955633,0.03925626,2.249218,-0.0017681725,89,RETURNING
2026-02-20 14:58:51.562,-0.27883365750312805,-0.5514620542526245,-0.11670268326997757,0.20343399047851562,-0.15132462978363037,0.2146189659833908,-0.29244956,-16.756126,0.25498012,0.10441117,5.9823194,-0.55071014,-0.10441117,-5.9823194,0.55071014,0.10441117,5.9823194,-0.55071014,0.04009891,2.2974982,-0.0014567579,-1.2725636,-72.91252,-0.7413995,-0.41436836,-23.741558,0.288288,0.0395452,2.265773,0.007479364,89,RETURNING
2026-02-20 14:58:51.602,-0.27165666222572327,-0.5565088391304016,-0.10873202979564667,0.17502765357494354,-0.12167853862047195,0.19339455664157867,-0.28352052,-16.24453,0.21808457,0.083548784,4.7869925,-0.5111755,-0.083548784,-4.7869925,0.5111755,0.083548784,4.7869925,-0.5111755,0.039141413,2.2426379,-0.025604064,-1.2978823,-74.36318,-0.608781,-0.39999613,-22.91809,0.23968296,0.039518286,2.264231,-0.00034059744,89,RETURNING
2026-02-20 14:58:51.645,-0.2658068537712097,-0.5604032874107361,-0.10188010334968567,0.1318487673997879,-0.08911211788654327,0.16216349601745605,-0.27655762,-15.845585,0.15413383,0.06345152,3.6355045,-0.47330743,-0.06345152,-3.6355045,0.47330743,0.06345152,3.6355045,-0.47330743,0.037527934,2.1501923,-0.044144753,-1.31781,-75.50496,-0.45929146,-0.40278295,-23.077763,-0.029966874,0.039126452,2.2417805,-0.006883804,89,RETURNING
2026-02-20 14:58:51.700,-0.26078200340270996,-0.5638446807861328,-0.09417727589607239,0.07890608161687851,-0.05517546087503433,0.13038742542266846,-0.27133235,-15.546199,0.07748848,0.039989196,2.291212,-0.4068028,-0.039989196,-2.291212,0.4068028,0.039989196,2.291212,-0.4068028,0.032773744,1.8777972,-0.08748068,-1.3342413,-76.446396,-0.2636401,-0.4250516,-24.353662,-0.5416215,0.038743775,2.2198548,-0.006610071,89,RETURNING
2026-02-20 14:58:51.759,-0.25849226117134094,-0.5658853054046631,-0.08795861154794693,0.030394725501537323,-0.029343081638216972,0.09497386962175369,-0.27029714,-15.486885,0.00671399,0.01850769,1.0604125,-0.34342775,-0.01850769,-1.0604125,0.34342775,0.01850769,1.0604125,-0.34342775,0.027716927,1.588063,-0.0795101,-1.3449569,-77.060356,-0.1586409,-0.40753242,-23.349888,0.51265216,0.038868863,2.227022,0.004060658,89,RETURNING
2026-02-20 14:58:51.823,-0.25743648409843445,-0.5668848752975464,-0.08477002382278442,0.012043953873217106,-0.013113584369421005,0.0423201285302639,-0.27087483,-15.519984,-0.015644653,0.00010587588,0.0060662413,-0.28089598,-0.00010587588,-0.0060662413,0.28089598,0.00010587588,0.0060662413,-0.28089598,0.025560211,1.4644922,-0.021038074,-1.3512019,-77.41817,-0.09693791,-0.39615744,-22.69815,0.07784308,0.038763735,2.2209985,0.000108957465,89,RETURNING
2026-02-20 14:58:51.863,-0.256874144077301,-0.5672416090965271,-0.08393140882253647,0.014181545935571194,-0.00838879682123661,0.018833961337804794,-0.2712696,-15.542603,-0.008742352,-0.010231912,-0.5862454,-0.25038186,0.010231912,0.5862454,0.25038186,-0.010231912,-0.5862454,-0.25038186,0.02531724,1.4505711,-0.0062713497,-1.3534288,-77.54576,-0.048382968,-0.403661,-23.128073,-0.17811927,0.03874133,2.2197149,0.0010410699,89,RETURNING
2026-02-20 14:58:51.910,-0.25636163353919983,-0.5673859119415283,-0.08406585454940796,0.008544943295419216,-0.0020336054731160402,-0.006143223959952593,-0.27192646,-15.580239,-0.017091757,-0.021126727,-1.2104722,-0.22230676,0.021126727,1.2104722,0.22230676,-0.021126727,-1.2104722,-0.22230676,0.025921782,1.4852087,0.020089949,-1.3540957,-77.58397,-0.017243054,-0.41316435,-23.672573,-0.32437164,0.038747463,2.220066,-0.0008382004,89,RETURNING
2026-02-20 14:58:51.962,-0.2563098967075348,-0.5673550963401794,-0.08467606455087662,-0.00010446140368003398,0.0010774629190564156,-0.012810883112251759,-0.2733553,-15.662106,-0.029987933,-0.0313849,-1.7982223,-0.19968852,0.0313849,1.7982223,0.19968852,-0.0313849,-1.7982223,-0.19968852,0.02771545,1.5879784,0.036095142,-1.355456,-77.66191,-0.025597086,-0.41271207,-23.64666,0.1076393,0.03884115,2.225434,0.00067093107,89,RETURNING
2026-02-20 14:58:52.007,-0.25646403431892395,-0.5672715306282043,-0.08519760519266129,-0.004124728962779045,0.0019381600432097912,-0.010563518851995468,-0.27490318,-15.7507925,-0.034990303,-0.03986783,-2.2842584,-0.18453927,0.03986783,2.2842584,0.18453927,-0.03986783,-2.2842584,-0.18453927,0.02923,1.6747557,0.03129661,-1.3565627,-77.72532,-0.023403622,-0.39833713,-22.823036,0.24913287,0.03885521,2.2262397,0.0018883656,95,RETURNING
2026-02-20 14:58:52.041,-0.25660353899002075,-0.5672286748886108,-0.08538877964019775,-0.0038334715645760298,0.0011137461988255382,-0.005284459795802832,-0.2759264,-15.809419,-0.029397346,-0.045114905,-2.5848937,-0.15325661,0.045114905,2.5848937,0.15325661,-0.045114905,-2.5848937,-0.15325661,0.02997391,1.7173785,0.021625241,-1.3572953,-77.76729,-0.02216595,-0.39084888,-22.393991,0.12681383,0.038963452,2.2324414,0.0030891537,95,RETURNING
2026-02-20 14:58:52.077,-0.2567463517189026,-0.5671920776367188,-0.0854627788066864,-0.004394195042550564,0.0010601980611681938,-0.0015332457842305303,-0.2767768,-15.858142,-0.02347897,-0.049199603,-2.8189297,-0.10786016,0.049199603,2.8189297,0.10786016,-0.049199603,-2.8189297,-0.10786016,0.030349772,1.7389139,0.009448816,-1.3577162,-77.79141,-0.011570647,-0.39213046,-22.46742,-0.020799179,0.0390373,2.2366724,0.0022406294,95,RETURNING
2026-02-20 14:58:52.124,-0.25696301460266113,-0.5671505928039551,-0.08539649844169617,-0.0049196770414710045,0.000970135850366205,0.0018509598448872566,-0.2775814,-15.9042425,-0.016147561,-0.052201726,-2.9909387,-0.05373551,0.052201726,2.9909387,0.05373551,-0.052201726,-2.9909387,-0.05373551,0.030392855,1.7413824,-0.0009700663,-1.3579699,-77.80595,-0.0033799584,-0.40431,-23.165257,-0.29336354,0.039004285,2.234781,-0.0008105294,95,RETURNING
2026-02-20 14:58:52.164,-0.25716736912727356,-0.5671119689941406,-0.08527055382728577,-0.004962998442351818,0.0008249256061390042,0.0037412522360682487,-0.27806672,-15.93205,-0.011281952,-0.05319669,-3.047946,-0.021483444,0.05319669,3.047946,0.021483444,-0.05319669,-3.047946,-0.021483444,0.030170437,1.7286388,-0.0064090146,-1.3579402,-77.804245,0.00038929255,-0.42351118,-24.265404,-0.33633345,0.038987305,2.233808,-0.00020629409,95,RETURNING
2026-02-20 14:58:52.204,-0.2573416531085968,-0.5670953392982483,-0.08505793660879135,-0.004354102537035942,0.0004432073328644037,0.005160426255315542,-0.27837256,-15.949573,-0.0077834767,-0.05342077,-3.0607848,-0.0064074746,0.05342077,3.0607848,0.0064074746,-0.05342077,-3.0607848,-0.0064074746,0.029806927,1.7078111,-0.008899123,-1.3579336,-77.80387,0.00031612162,-0.42554656,-24.382023,-0.09149351,0.03906544,2.2382848,0.0013917261,95,RETURNING
2026-02-20 14:58:52.248,-0.2574920356273651,-0.5670837759971619,-0.08483603596687317,-0.0029604602605104446,0.00012195759336464107,0.00504672434180975,-0.27860472,-15.962874,-0.0043161353,-0.053429525,-3.0612864,0.000824482,0.053429525,3.0612864,-0.000824482,-0.053429525,-3.0612864,0.000824482,0.029380782,1.6833948,-0.00948274,-1.3578416,-77.79859,0.0016838787,-0.410638,-23.527824,0.40275177,0.039086215,2.2394753,4.891993E-05,95,RETURNING
2026-02-20 14:58:52.287,-0.257571816444397,-0.5670779943466187,-0.08472269028425217,-0.0016411194810643792,0.00014963561261538416,0.0021749555598944426,-0.27868408,-15.967422,-0.0010584942,-0.053128973,-3.044066,0.010356106,0.053128973,3.044066,-0.010356106,-0.053128973,-3.044066,0.010356106,0.029176587,1.6716954,-0.004084567,-1.3578244,-77.79761,0.0005764974,-0.41296306,-23.661041,-0.17261057,0.039134074,2.2422173,0.0009376299,95,RETURNING
2026-02-20 14:58:52.325,-0.25771355628967285,-0.5670204758644104,-0.0848151296377182,-0.004016369581222534,0.0015663397498428822,-0.0022649052552878857,-0.27884308,-15.976532,-0.0048405677,-0.05238366,-3.0013628,0.01837726,0.05238366,3.0013628,-0.01837726,-0.05238366,-3.0013628,0.01837726,0.029260052,1.6764776,0.0019496332,-1.3576953,-77.790215,0.0033426653,-0.41373274,-23.70514,0.0040406077,0.039112188,2.2409632,-0.00047144238,95,RETURNING
2026-02-20 14:58:52.363,-0.2578240633010864,-0.5669800639152527,-0.08486102521419525,-0.0029017680790275335,0.000915387412533164,-0.0004848881217185408,-0.27897707,-15.984209,-0.0035501241,-0.051902503,-2.9737945,0.0114960335,0.051902503,2.9737945,-0.0114960335,-0.051902503,-2.9737945,0.0114960335,0.029289503,1.678165,0.00017396237,-1.3576101,-77.78533,0.0010692525,-0.41817334,-23.959568,-0.19286047,0.039126147,2.241763,-7.969892E-05,95,RETURNING
2026-02-20 14:58:52.397,-0.25790101289749146,-0.5669607520103455,-0.08484765142202377,-0.0023738171439617872,0.0006547601660713553,6.769632454961538E-05,-0.27907807,-15.989996,-0.003086658,-0.05167734,-2.9608934,0.007550367,0.05167734,2.9608934,-0.007550367,-0.05167734,-2.9608934,0.007550367,0.029267037,1.6768777,-0.0002356401,-1.3576138,-77.785545,0.00012100719,-0.42457157,-24.32616,-0.27131712,0.039123133,2.2415905,-0.0004458538,95,RETURNING
